foto,nome,profissao,email,telefone,user,estado
https://avatars.githubusercontent.com/u/22959227,Dalton Martins,Gerente,dalton.martins22@example.org,(84) 23117-2586,dalton.martins44,Paraíba
https://cloudflare-ipfs.com/ipfs/Qmd3W5DuhgHirLHGVixi6V76LhCkZUz6pnFt5AJBiyvHye/avatar/721.jpg,Dalton Braga,Supervisor,dalton_braga60@example.net,+55 (22) 5438-4797,dalton_braga,Ceará
https://cloudflare-ipfs.com/ipfs/Qmd3W5DuhgHirLHGVixi6V76LhCkZUz6pnFt5AJBiyvHye/avatar/51.jpg,Dalton Batista,Administrador,dalton.batista69@example.com,(99) 61603-5650,dalton.batista,Ceará
https://avatars.githubusercontent.com/u/9986960,Dalton Silva,Desenvolvedor,dalton_silva53@example.net,+55 (36) 7811-8863,dalton.silva,Santa Catarina
https://cloudflare-ipfs.com/ipfs/Qmd3W5DuhgHirLHGVixi6V76LhCkZUz6pnFt5AJBiyvHye/avatar/114.jpg,Dra. Dalton Reis,Agente,dalton_reis23@example.org,(53) 8090-0033,dalton_reis83,Amazonas
https://avatars.githubusercontent.com/u/27654978,Dalton Souza,Técnico,dalton_souza75@example.com,+55 (92) 2245-2289,dalton.souza,Santa Catarina
https://cloudflare-ipfs.com/ipfs/Qmd3W5DuhgHirLHGVixi6V76LhCkZUz6pnFt5AJBiyvHye/avatar/315.jpg,Dalton Saraiva,Facilitador,dalton_saraiva@example.net,+55 (14) 7905-9683,dalton_saraiva19,Paraná
https://avatars.githubusercontent.com/u/46530112,Dalton Albuquerque,Arquiteto,dalton.albuquerque@example.org,(83) 6757-0253,dalton_albuquerque,Amapá
https://avatars.githubusercontent.com/u/71006031,Dalton Souza,Atentende,dalton_souza67@example.org,(00) 47640-5561,dalton_souza63,Pernambuco
https://cloudflare-ipfs.com/ipfs/Qmd3W5DuhgHirLHGVixi6V76LhCkZUz6pnFt5AJBiyvHye/avatar/198.jpg,Dalton Souza,Estrategista,dalton.souza@example.com,+55 (32) 0374-8338,dalton.souza,Maranhão
https://avatars.githubusercontent.com/u/92989794,Emily Moraes,Consultor,emily_moraes@example.org,(48) 24959-2923,emily.moraes,Tocantins
https://cloudflare-ipfs.com/ipfs/Qmd3W5DuhgHirLHGVixi6V76LhCkZUz6pnFt5AJBiyvHye/avatar/974.jpg,Emily Braga,Atentende,emily_braga55@example.org,(31) 8831-8464,emily_braga,Ceará
https://cloudflare-ipfs.com/ipfs/Qmd3W5DuhgHirLHGVixi6V76LhCkZUz6pnFt5AJBiyvHye/avatar/1030.jpg,Emily Santos,Desenvolvedor,emily_santos81@example.net,(83) 88075-5183,emily_santos,Santa Catarina
https://avatars.githubusercontent.com/u/7056519,Emily Souza,Desenvolvedor,emily.souza86@example.net,+55 (35) 0829-4578,emily.souza37,Rondônia
https://avatars.githubusercontent.com/u/71777234,Emily Melo,Estrategista,emily.melo@example.com,+55 (08) 7107-8253,emily_melo13,Acre
https://avatars.githubusercontent.com/u/29486972,Emily Carvalho,Gerente,emily_carvalho49@example.org,(66) 70665-6330,emily_carvalho,Minas Gerais
https://avatars.githubusercontent.com/u/16546126,Emily Souza,Estrategista,emily_souza32@example.net,(03) 25797-6757,emily_souza62,Paraná
https://cloudflare-ipfs.com/ipfs/Qmd3W5DuhgHirLHGVixi6V76LhCkZUz6pnFt5AJBiyvHye/avatar/146.jpg,Emily Barros,Técnico,emily_barros87@example.org,+55 (25) 9385-0037,emily_barros,Distrito Federal
https://avatars.githubusercontent.com/u/50160171,Emily Costa,Atentende,emily.costa32@example.com,(35) 08399-1130,emily.costa,São Paulo
https://cloudflare-ipfs.com/ipfs/Qmd3W5DuhgHirLHGVixi6V76LhCkZUz6pnFt5AJBiyvHye/avatar/136.jpg,Emily Silva,Estrategista,emily.silva67@example.com,+55 (53) 3733-9664,emily_silva,Tocantins
https://cloudflare-ipfs.com/ipfs/Qmd3W5DuhgHirLHGVixi6V76LhCkZUz6pnFt5AJBiyvHye/avatar/580.jpg,Nadia Saraiva,Associado,nadia.saraiva@example.com,(56) 2085-8836,nadia_saraiva30,Pernambuco
https://cloudflare-ipfs.com/ipfs/Qmd3W5DuhgHirLHGVixi6V76LhCkZUz6pnFt5AJBiyvHye/avatar/476.jpg,Nadia Barros,Desenvolvedor,nadia_barros33@example.com,(64) 40740-5161,nadia_barros,Rondônia
https://cloudflare-ipfs.com/ipfs/Qmd3W5DuhgHirLHGVixi6V76LhCkZUz6pnFt5AJBiyvHye/avatar/912.jpg,Nadia Carvalho,Policial,nadia.carvalho@example.com,+55 (42) 8132-5402,nadia.carvalho,Bahia
https://cloudflare-ipfs.com/ipfs/Qmd3W5DuhgHirLHGVixi6V76LhCkZUz6pnFt5AJBiyvHye/avatar/905.jpg,Nadia Xavier,Arquiteto,nadia_xavier37@example.net,(77) 83252-6124,nadia.xavier70,Rondônia
https://avatars.githubusercontent.com/u/72714960,Nadia Xavier,Supervisor,nadia_xavier@example.org,+55 (11) 3305-3064,nadia_xavier,Mato Grosso
https://avatars.githubusercontent.com/u/6600304,Nadia Souza,Assistente,nadia_souza@example.org,(82) 9895-7719,nadia.souza,Bahia
https://cloudflare-ipfs.com/ipfs/Qmd3W5DuhgHirLHGVixi6V76LhCkZUz6pnFt5AJBiyvHye/avatar/241.jpg,Nadia Xavier,Diretor,nadia_xavier@example.com,(39) 20711-8401,nadia_xavier,São Paulo
https://cloudflare-ipfs.com/ipfs/Qmd3W5DuhgHirLHGVixi6V76LhCkZUz6pnFt5AJBiyvHye/avatar/43.jpg,Nadia Reis,Supervisor,nadia.reis36@example.org,(07) 3676-8704,nadia.reis,Alagoas
https://avatars.githubusercontent.com/u/19645852,Sra. Nadia Braga,Agente,nadia.braga@example.com,+55 (78) 6504-4571,nadia_braga10,Pernambuco
https://avatars.githubusercontent.com/u/18421449,Nadia Braga,Orquestrador,nadia_braga@example.org,(85) 9927-5495,nadia.braga,Bahia
https://avatars.githubusercontent.com/u/93071661,Dr. Joao Moraes,Agente,joao_moraes@example.net,(72) 9810-4434,joao_moraes9,Goiás
https://cloudflare-ipfs.com/ipfs/Qmd3W5DuhgHirLHGVixi6V76LhCkZUz6pnFt5AJBiyvHye/avatar/54.jpg,Joao Barros,Supervisor,joao_barros41@example.com,+55 (05) 8059-7814,joao.barros6,Rondônia
https://avatars.githubusercontent.com/u/1079353,Joao Santos,Coordenador,joao.santos@example.com,(10) 01703-6087,joao_santos71,Bahia
https://cloudflare-ipfs.com/ipfs/Qmd3W5DuhgHirLHGVixi6V76LhCkZUz6pnFt5AJBiyvHye/avatar/507.jpg,Joao Oliveira,Orquestrador,joao_oliveira47@example.net,(41) 7839-7970,joao.oliveira,Minas Gerais
https://cloudflare-ipfs.com/ipfs/Qmd3W5DuhgHirLHGVixi6V76LhCkZUz6pnFt5AJBiyvHye/avatar/376.jpg,Dra. Joao Batista,Facilitador,joao.batista@example.com,(05) 54880-1786,joao_batista,Amapá
https://avatars.githubusercontent.com/u/27170780,Joao Xavier,Desenvolvedor,joao.xavier34@example.com,(18) 8809-1089,joao_xavier,Amapá
https://avatars.githubusercontent.com/u/75497012,Srta. Joao Batista,Diretor,joao.batista42@example.net,(43) 23258-1627,joao_batista95,Amapá
https://cloudflare-ipfs.com/ipfs/Qmd3W5DuhgHirLHGVixi6V76LhCkZUz6pnFt5AJBiyvHye/avatar/72.jpg,Joao Xavier,Gerente,joao.xavier63@example.com,(73) 3467-4985,joao.xavier51,Bahia
https://avatars.githubusercontent.com/u/3604602,Joao Oliveira,Assistente,joao.oliveira@example.com,(05) 56507-5200,joao.oliveira42,São Paulo
https://cloudflare-ipfs.com/ipfs/Qmd3W5DuhgHirLHGVixi6V76LhCkZUz6pnFt5AJBiyvHye/avatar/1077.jpg,Joao Reis,Gerente,joao_reis4@example.org,+55 (26) 7823-5726,joao_reis,Amazonas
https://avatars.githubusercontent.com/u/77172783,Leonardo Souza,Agente,leonardo_souza@example.net,+55 (28) 7537-8954,leonardo_souza22,Espírito Santo
https://cloudflare-ipfs.com/ipfs/Qmd3W5DuhgHirLHGVixi6V76LhCkZUz6pnFt5AJBiyvHye/avatar/649.jpg,Leonardo Melo,Produtor,leonardo.melo@example.net,+55 (52) 5061-8170,leonardo_melo,Santa Catarina
https://avatars.githubusercontent.com/u/76585613,Leonardo Silva,Supervisor,leonardo_silva0@example.org,(60) 6214-1347,leonardo.silva47,Paraíba
https://avatars.githubusercontent.com/u/51866830,Leonardo Oliveira,Diretor,leonardo.oliveira13@example.org,(49) 8246-7974,leonardo_oliveira,Paraíba
https://avatars.githubusercontent.com/u/50968802,Leonardo Oliveira,Administrador,leonardo.oliveira11@example.com,+55 (37) 9020-7712,leonardo.oliveira,Goiás
https://cloudflare-ipfs.com/ipfs/Qmd3W5DuhgHirLHGVixi6V76LhCkZUz6pnFt5AJBiyvHye/avatar/1124.jpg,Leonardo Santos,Coordenador,leonardo.santos63@example.org,(71) 3445-4258,leonardo.santos,Pernambuco
https://avatars.githubusercontent.com/u/85605258,Srta. Leonardo Batista,Planejador,leonardo_batista92@example.org,(20) 44387-7615,leonardo.batista,Bahia
https://cloudflare-ipfs.com/ipfs/Qmd3W5DuhgHirLHGVixi6V76LhCkZUz6pnFt5AJBiyvHye/avatar/618.jpg,Srta. Leonardo Oliveira,Analista,leonardo_oliveira@example.org,(81) 3027-5353,leonardo_oliveira61,Espírito Santo
https://cloudflare-ipfs.com/ipfs/Qmd3W5DuhgHirLHGVixi6V76LhCkZUz6pnFt5AJBiyvHye/avatar/204.jpg,Leonardo Martins,Agente,leonardo.martins80@example.net,(87) 6035-8841,leonardo.martins,Alagoas
https://cloudflare-ipfs.com/ipfs/Qmd3W5DuhgHirLHGVixi6V76LhCkZUz6pnFt5AJBiyvHye/avatar/465.jpg,Leonardo Santos,Associado,leonardo.santos85@example.net,+55 (73) 4845-3407,leonardo_santos,Rio Grande do Norte
https://cloudflare-ipfs.com/ipfs/Qmd3W5DuhgHirLHGVixi6V76LhCkZUz6pnFt5AJBiyvHye/avatar/157.jpg,Silvana Oliveira,Engenheiro,silvana.oliveira@example.org,+55 (14) 4139-7535,silvana.oliveira60,Acre
https://avatars.githubusercontent.com/u/12679443,Silvana Carvalho,Produtor,silvana.carvalho10@example.org,(64) 3215-8378,silvana_carvalho32,Maranhão
https://cloudflare-ipfs.com/ipfs/Qmd3W5DuhgHirLHGVixi6V76LhCkZUz6pnFt5AJBiyvHye/avatar/1064.jpg,Sr. Silvana Nogueira,Atentende,silvana.nogueira@example.org,+55 (98) 4101-8585,silvana.nogueira,Ceará
https://avatars.githubusercontent.com/u/62959435,Silvana Braga,Supervisor,silvana.braga@example.org,(71) 5464-5251,silvana_braga,Maranhão
https://cloudflare-ipfs.com/ipfs/Qmd3W5DuhgHirLHGVixi6V76LhCkZUz6pnFt5AJBiyvHye/avatar/383.jpg,Silvana Macedo,Técnico,silvana_macedo@example.org,+55 (46) 4388-2837,silvana_macedo,Pernambuco
https://avatars.githubusercontent.com/u/8176417,Dra. Silvana Melo,Supervisor,silvana.melo@example.org,(25) 0563-8453,silvana_melo,Acre
https://avatars.githubusercontent.com/u/97026945,Silvana Souza,Representante,silvana.souza44@example.org,(32) 1659-1971,silvana.souza,Acre
https://avatars.githubusercontent.com/u/6342680,Silvana Carvalho,Produtor,silvana_carvalho@example.com,(91) 22864-2034,silvana_carvalho34,Sergipe
https://cloudflare-ipfs.com/ipfs/Qmd3W5DuhgHirLHGVixi6V76LhCkZUz6pnFt5AJBiyvHye/avatar/932.jpg,Silvana Silva Neto,Agente,silvana.silva@example.com,(16) 69551-2722,silvana.silva,Rio Grande do Norte
https://cloudflare-ipfs.com/ipfs/Qmd3W5DuhgHirLHGVixi6V76LhCkZUz6pnFt5AJBiyvHye/avatar/157.jpg,Silvana Nogueira,Produtor,silvana_nogueira@example.com,+55 (11) 0200-4578,silvana.nogueira94,Acre
https://cloudflare-ipfs.com/ipfs/Qmd3W5DuhgHirLHGVixi6V76LhCkZUz6pnFt5AJBiyvHye/avatar/205.jpg,Rafael Saraiva,Facilitador,rafael_saraiva@example.com,(09) 86119-4270,rafael.saraiva50,Rio Grande do Norte
https://avatars.githubusercontent.com/u/6506554,Rafael Souza,Produtor,rafael_souza28@example.net,+55 (67) 1880-4272,rafael.souza59,Espírito Santo
https://avatars.githubusercontent.com/u/99027641,Rafael Carvalho,Associado,rafael_carvalho55@example.org,(15) 3111-4729,rafael_carvalho93,Paraíba
https://avatars.githubusercontent.com/u/35874859,Rafael Moraes Neto,Estrategista,rafael_moraes@example.org,(33) 21768-9079,rafael.moraes4,Minas Gerais
https://cloudflare-ipfs.com/ipfs/Qmd3W5DuhgHirLHGVixi6V76LhCkZUz6pnFt5AJBiyvHye/avatar/288.jpg,Rafael Melo,Desenvolvedor,rafael.melo60@example.org,(40) 7188-0915,rafael.melo20,Rio de Janeiro
https://cloudflare-ipfs.com/ipfs/Qmd3W5DuhgHirLHGVixi6V76LhCkZUz6pnFt5AJBiyvHye/avatar/75.jpg,Rafael Moraes,Administrador,rafael_moraes82@example.net,(54) 47704-6489,rafael.moraes82,Bahia
https://cloudflare-ipfs.com/ipfs/Qmd3W5DuhgHirLHGVixi6V76LhCkZUz6pnFt5AJBiyvHye/avatar/193.jpg,Rafael Xavier,Policial,rafael.xavier33@example.net,(96) 71133-3254,rafael_xavier,Amazonas
https://cloudflare-ipfs.com/ipfs/Qmd3W5DuhgHirLHGVixi6V76LhCkZUz6pnFt5AJBiyvHye/avatar/366.jpg,Rafael Costa,Estrategista,rafael_costa65@example.org,+55 (10) 7035-8445,rafael.costa,Distrito Federal
https://cloudflare-ipfs.com/ipfs/Qmd3W5DuhgHirLHGVixi6V76LhCkZUz6pnFt5AJBiyvHye/avatar/1228.jpg,Rafael Saraiva,Consultor,rafael.saraiva@example.net,(50) 27411-7167,rafael.saraiva,Mato Grosso
https://avatars.githubusercontent.com/u/68883166,Rafael Nogueira Filho,Produtor,rafael_nogueira94@example.org,(56) 43241-2865,rafael.nogueira,Rio Grande do Sul
